{"_timestamp":1.767717258752474e+09,"_step":21,"train_loss":0.015703978016972542,"train_accuracy":0.9921875,"epoch":6,"training_statistics":{"sha256":"0201c45585731ebbf1d706f804df9240fc87c98b61c54a2b69fbb7cfd2726272","size":53545,"path":"media/images/training_statistics_21_0201c45585731ebbf1d7.png","format":"png","width":1500,"height":500,"_type":"image-file"},"_wandb":{"runtime":23},"_runtime":23}