{"train_loss":2.2949764728546143,"train_accuracy":0.09375,"epoch":0,"_timestamp":1.767717212910165e+09,"_wandb":{"runtime":2},"_runtime":2,"_step":0}