{"_timestamp":1.767716902147393e+09,"_wandb":{"runtime":19},"_runtime":19,"_step":20,"train_loss":0.03833401948213577,"train_accuracy":0.984375,"epoch":6}