{"_runtime":21,"train_accuracy":1,"epoch":0,"_timestamp":1.768210071238264e+09,"_step":5,"train_loss":0.04404151439666748,"training_statistics":{"path":"media/images/training_statistics_5_7606d6fd23d117535178.png","format":"png","width":1500,"height":500,"_type":"image-file","sha256":"7606d6fd23d117535178c9a6ef57de91431d6dd999980edf6b35c723c2d2549e","size":70005},"_wandb":{"runtime":21}}