{"epoch":6,"_timestamp":1.767716712875285e+09,"_step":20,"train_loss":0.06913413107395172,"_wandb":{"runtime":19},"_runtime":19,"train_accuracy":0.9921875}