{"_runtime":22,"_timestamp":1.767717092304524e+09,"_step":21,"train_loss":0.050507497042417526,"train_accuracy":0.9921875,"epoch":6,"training_statistics":{"_type":"image-file","sha256":"f6155724773ff3e533f8c7062263b02197afe29a7bd56de749179d0201201e57","size":52385,"path":"media/images/training_statistics_21_f6155724773ff3e533f8.png","format":"png","width":1500,"height":500},"_wandb":{"runtime":22}}